{
    "eta": 0.20890510912749663,
    "max_depth": 5,
    "subsample": 0.6377239510027919,
    "colsample_bytree": 0.7495435759197444,
    "min_child_weight": 7,
    "gamma": 0.5349207635669678,
    "n_estimators": 134
}